username,message
user1,"I love TechWidget! It's amazing!"
user2,"TechWidget could be better. The battery life is too short."
user3,"Just bought TechWidget and it's incredible for the price."
user4,"I'm not impressed with TechWidget. Expected more."
user5,"TechWidget works well for what I need. Good value."
user6,"Battery life on TechWidget is disappointing."
user7,"TechWidget is so easy to use. Perfect for beginners."
user8,"I think TechWidget needs a software update."
user9,"TechWidget saved me a lot of time!"
user10,"I wouldn't recommend TechWidget. Too many issues."
user11,"TechWidget has changed the way I work. Great product!"
user12,"Not happy with TechWidget. It doesn't work as expected."
user13,"TechWidget is okay but not worth the hype."
user14,"Love the sleek design of TechWidget!"
user15,"TechWidget is super useful for daily tasks."
user16,"My TechWidget broke after a month. Very disappointing."
user17,"TechWidget is affordable and does the job."
user18,"Would buy TechWidget again. Very reliable."
user19,"TechWidget could use more features."
user20,"I had a great experience with TechWidget support."
user21,"TechWidget makes things so much easier for me."
user22,"Not worth the money. TechWidget didn't meet my needs."
user23,"TechWidget has great functionality!"
user24,"I wish TechWidget had a better battery."
user25,"TechWidget is very responsive and quick."
user26,"Just bought TechWidget, and it's fantastic!"
user27,"TechWidget could use more customization options."
user28,"Absolutely love TechWidget. Worth every penny."
user29,"TechWidget is solid but has room for improvement."
user30,"TechWidget support was very helpful with my questions."
user31,"I think TechWidget is overrated."
user32,"TechWidget has been a game-changer for my work."
user33,"I'm returning my TechWidget. It didnâ€™t meet my expectations."
user34,"TechWidget works as advertised. No complaints."
user35,"TechWidget is reliable and easy to set up."
user36,"TechWidget is amazing but expensive."
user37,"Happy with my purchase of TechWidget."
user38,"TechWidget software needs a lot of updates."
user39,"TechWidget has a great battery life for my needs."
user40,"TechWidget saved me time, but it's too bulky."
user41,"TechWidget quality is very good."
user42,"I expected more from TechWidget after reading reviews."
user43,"TechWidget performs well under heavy use."
user44,"Not happy with the recent TechWidget update."
user45,"TechWidget is good for its price range."
user46,"I don't like the new interface on TechWidget."
user47,"TechWidget exceeded my expectations."
user48,"TechWidget makes my work much more efficient."
user49,"Not sure if I would recommend TechWidget."
user50,"TechWidget is exactly what I needed!"
user51,"The battery life on TechWidget could be better."
user52,"TechWidget is perfect for beginners like me."
user53,"TechWidget performance is fantastic!"
user54,"I love using TechWidget for my daily tasks."
user55,"TechWidget needs more features to be worth the price."
user56,"TechWidget works well but feels a bit slow at times."
user57,"Happy with TechWidget. It's very reliable."
user58,"TechWidget could improve in terms of design."
user59,"TechWidget makes my workflow much faster."
user60,"I'm disappointed with TechWidget's customer support."